INSERT INTO RACUN(BROJ_RACUNA, TRENUTNO_STANJE, REZERVISANO) VALUES ('AAA456789123456789',0,0);
INSERT INTO RACUN(BROJ_RACUNA, TRENUTNO_STANJE, REZERVISANO) VALUES ('BBB222222222222222',0,0);
INSERT INTO RACUN(BROJ_RACUNA, TRENUTNO_STANJE, REZERVISANO) VALUES ('BBB777777777777777',0,0);

INSERT INTO RACUN(BROJ_RACUNA, TRENUTNO_STANJE, REZERVISANO) VALUES ('QQQ777777777777777',0,0);
INSERT INTO RACUN(BROJ_RACUNA, TRENUTNO_STANJE, REZERVISANO) VALUES ('WWW777777777777777',0,0);

INSERT INTO BANKA (KOD_BANKE, SWIFT_KOD,IME,OBRACUNSKI_ID,URI) VALUES('AAA','AAAIOI11','BANKA1',4,'http://localhost:8081');
INSERT INTO BANKA (KOD_BANKE, SWIFT_KOD,IME,OBRACUNSKI_ID,URI) VALUES('BBB','BBBIII22','BANKA2',5,'http://localhost:8082');

INSERT INTO FIRMA (NAZIV, ADRESA,PIB,URI,RACUN_ID) VALUES('FIRMA_A','Sime Milosevica 8','11111111111','http://localhost:5001',1);
INSERT INTO FIRMA (NAZIV, ADRESA,PIB,URI,RACUN_ID) VALUES('FIRMA_B','Dositejeva 12','22222222222','http://localhost:5002',2);
INSERT INTO FIRMA (NAZIV, ADRESA,PIB,URI,RACUN_ID) VALUES('FIRMA_C','Mise Dimitrijevica 14','23332222222','http://localhost:5003',3);

INSERT INTO FIRMAS (MAIL, PASSWORD,FIRMA_ID) VALUES('1',1,1);
INSERT INTO FIRMAS (MAIL, PASSWORD,FIRMA_ID) VALUES('2',2,2);
INSERT INTO FIRMAS (MAIL, PASSWORD,FIRMA_ID) VALUES('3',3,3);

INSERT INTO POSLOVNI_SARADNICI (FIRMA1_ID,FIRMA2_ID) VALUES (1,2);
INSERT INTO POSLOVNI_SARADNICI (FIRMA1_ID,FIRMA2_ID) VALUES (2,1);
INSERT INTO POSLOVNI_SARADNICI (FIRMA1_ID,FIRMA2_ID) VALUES (3,1);
INSERT INTO POSLOVNI_SARADNICI (FIRMA1_ID,FIRMA2_ID) VALUES (1,3);

INSERT INTO BANKA_RACUNI(BANKA_ID,RACUN_ID) VALUES (1,1);
INSERT INTO BANKA_RACUNI(BANKA_ID,RACUN_ID) VALUES (2,2);
INSERT INTO BANKA_RACUNI(BANKA_ID,RACUN_ID) VALUES (2,3);

INSERT INTO ZAGLAVLJE_FAKTURE(NAZIV_DOBAVLJACA,ADRESA_DOBAVLJACA,PIB_DOBAVLJACA,NAZIV_KUPCA,ADRESA_KUPCA,PIB_KUPCA,BROJ_RACUNA,DATUM_RACUNA,VREDNOST_ROBE) VALUES ('Dobavljac 1-firma B', 'adresa 1','22222222222','FIRMA A','adresa 2','11111111111',123123,'2017-06-09',15.17);





INSERT INTO NALOG(ID_PORUKE, DUZNIK, SVRHA_PLACANJA, PRIMALAC, DATUM_NALOGA,DATUM_VALUTE,RACUN_DUZNIKA, MODEL_ZADUZENJA, POZIV_NA_BROJ_ZADUZENJA, RACUN_PRIMAOCA, MODEL_ODOBRENJA,POZIV_NA_BROJ_ODOBRENJA, IZNOS, OZNAKA_VALUTE,HITNO,OBRADJEN) VALUES ('idh111','firma 2','uplata', 'firma 1','2017-06-02','2017-06-02','BBB222222222222222' , 97, '85645678912345678911', 'AAA456789123456789',97,'85622222222222222222',500.25, 'rsd', true,false);
INSERT INTO NALOG(ID_PORUKE, DUZNIK, SVRHA_PLACANJA, PRIMALAC, DATUM_NALOGA,DATUM_VALUTE,RACUN_DUZNIKA, MODEL_ZADUZENJA, POZIV_NA_BROJ_ZADUZENJA, RACUN_PRIMAOCA, MODEL_ODOBRENJA,POZIV_NA_BROJ_ODOBRENJA, IZNOS, OZNAKA_VALUTE,HITNO,OBRADJEN) VALUES ('id2222','duznik 2','uplata', 'primalac2','2017-06-02','2017-06-02','AAA456789123456789' , 97, '85645678912345678911', 'BBB777777777777777',97,'88823332222222233333',1000, 'rsd', false,false);
INSERT INTO NALOG(ID_PORUKE, DUZNIK, SVRHA_PLACANJA, PRIMALAC, DATUM_NALOGA,DATUM_VALUTE,RACUN_DUZNIKA, MODEL_ZADUZENJA, POZIV_NA_BROJ_ZADUZENJA, RACUN_PRIMAOCA, MODEL_ODOBRENJA,POZIV_NA_BROJ_ODOBRENJA, IZNOS, OZNAKA_VALUTE,HITNO,OBRADJEN) VALUES ('id333','duznik 2','uplata', 'primalac2','2017-06-02','2017-06-02','AAA456789123456789' , 97, '85645678912345678911', 'BBB777777777777777',97,'88823332222222233333',2000, 'rsd', false,false);
INSERT INTO NALOG(ID_PORUKE, DUZNIK, SVRHA_PLACANJA, PRIMALAC, DATUM_NALOGA,DATUM_VALUTE,RACUN_DUZNIKA, MODEL_ZADUZENJA, POZIV_NA_BROJ_ZADUZENJA, RACUN_PRIMAOCA, MODEL_ODOBRENJA,POZIV_NA_BROJ_ODOBRENJA, IZNOS, OZNAKA_VALUTE,HITNO,OBRADJEN) VALUES ('id444','duznik 2','uplata', 'primalac2','2017-06-02','2017-06-02','AAA456789123456789' , 97, '85645678912345678911', 'BBB777777777777777',97,'88823332222222233333',3000, 'rsd', false,false);
INSERT INTO NALOG(ID_PORUKE, DUZNIK, SVRHA_PLACANJA, PRIMALAC, DATUM_NALOGA,DATUM_VALUTE,RACUN_DUZNIKA, MODEL_ZADUZENJA, POZIV_NA_BROJ_ZADUZENJA, RACUN_PRIMAOCA, MODEL_ODOBRENJA,POZIV_NA_BROJ_ODOBRENJA, IZNOS, OZNAKA_VALUTE,HITNO,OBRADJEN) VALUES ('id555','duznik 2','uplata', 'primalac2','2017-06-02','2017-06-02','AAA456789123456789' , 97, '85645678912345678911', 'BBB777777777777777',97,'88823332222222233333',2200, 'rsd', false,false);

  

    

   
INSERT INTO ZAGLAVLJE_FAKTURE(NAZIV_DOBAVLJACA,ADRESA_DOBAVLJACA,PIB_DOBAVLJACA,NAZIV_KUPCA, ADRESA_KUPCA, PIB_KUPCA,BROJ_RACUNA, DATUM_RACUNA, VREDNOST_ROBE, VREDNOST_USLUGA,UKUPNO_ROBAIUSLUGE,UKUPAN_RABAT, UKUPAN_POREZ, OZNAKA_VALUTE, IZNOS_ZA_UPLATU, UPLATA_NA_RACUN, DATUM_VALUTE) VALUES ('FIRMA_A','Sime Milosevica 8','11111111111','FIRMA_B','Dositejeva 12','22222222222','BBB222222222222222', '2017-06-26',132.25, 78.00, 201.25,20.00,50.00, 'RSD',300.25, 'AAA456789123456789','2017-06-26');
INSERT INTO STAVKA_FAKTURE(REDNI_BROJ, NAZIV_ROBE_ILI_USLUGE, KOLICINA, JEDINICA_MERE, JEDINICNA_CENA, VREDNOST, PROCENAT_RABATA, IZNOS_RABATA,UMANJENO_ZA_RABAT,UKUPAN_POREZ) VALUES (123, 'roba 1', 75.2, 'kg', 120.00, 7500.00, 8.0, 100.00 , 100.00 , 360.0);
INSERT INTO FAKTURA(ZAGLAVLJE_FAKTURE_ID) VALUES(1);
INSERT INTO FAKTURA_STAVKA_FAKTURE(FAKTURA_ID,STAVKA_FAKTURE_ID) VALUES(1,1);


